{
  "model_name": "Ridge",
  "metrics": {
    "rmse": 4.047475424886158e-05,
    "mae": 3.243616515621964e-05,
    "r2": 0.999999998690864,
    "mse": 1.6382057315057387e-09
  },
  "timestamp": "2025-12-12T18:11:46.729344"
}